{
    "updates": [
        {
            "id": 1,
            "name": "Amit Singh",
            "subject": "Wev Dev",
            "info": "Testing NewUpdates",
            "date": "14-10-23",
            "time": "10:00 AM"
        },
        {
            "id": 2,
            "name": "Amit Singh",
            "subject": "Wev Dev",
            "info": "Testing NewUpdates",
            "date": "14-10-23",
            "time": "10:00 AM"
        },
        {
            "id": 3,
            "name": "Amit Singh",
            "subject": "Wev Dev",
            "info": "Testing NewUpdates",
            "date": "14-10-23",
            "time": "10:00 AM"
        }
    ],
    "history": [
        {
            "id": 1,
            "name": "Amit Singh",
            "subject": "Java",
            "info": "Testing History",
            "date": "26-09-22",
            "time": "10:00 AM"
        },
        {
            "id": 2,
            "name": "Amit Singh",
            "subject": "Wev Dev",
            "info": "Testing NewUpdates",
            "date": "14-10-23",
            "time": "10:00 AM"
        },
        {
            "id": 3,
            "name": "Amit Singh",
            "subject": "Wev Dev",
            "info": "Testing NewUpdates",
            "date": "14-10-23",
            "time": "10:00 AM"
        },
        {
            "id": 4,
            "name": "Amit Singh",
            "subject": "Wev Dev",
            "info": "Testing NewUpdates",
            "date": "14-10-23",
            "time": "10:00 AM"
        }
    ]
}