{
  "users": [
    {
      "username": "test",
      "password": "$2b$10$7ndda/Cek9vC2pzPTVZCOu.VOi48PdMlKSxWumQZ5gR6161GY3ZqK",
      "name": "Atharva Khanvilkar",
      "age": "19",
      "email": "test@gmail.com"
    },
    {
      "username": "katharva",
      "password": "$2b$10$eyvE/n/amOpeYT9OjZOPQOFyute98cCWeRzCTn7mDtqIyfG/OHlMq",
      "name": "Atharva Khanvilkar",
      "age": "19",
      "email": "test@gmail.com"
    },
    {
      "username": "atharva",
      "password": "$2b$10$Z261jLxHSIU6WF2mT7NMEuui6lJAZddJzWnhCrzzo3zjhDKdAOpbG",
      "name": "Atharva Khanvilkar",
      "age": "19",
      "email": "2021.atharva.khanvilkar@ves.ac.in"
    }
  ]
}